{
	"info": {
		"_postman_id": "7b718ceb-44e3-4b32-8f47-aeedc5d5088a",
		"name": "Demoblaze - Login con usuario dinámico",
		"schema": "https://schema.getpostman.com/json/collection/v2.0.0/collection.json",
		"_exporter_id": "23482125"
	},
	"item": [
		{
			"name": "1 - Signup con usuario único",
			"event": [
				{
					"listen": "test",
					"script": {
						"exec": [
							"// Guardar usuario creado en variable de entorno",
							"let req = JSON.parse(request.data);",
							"pm.environment.set(\"createdUser\", req.username);",
							"",
							"const res = pm.response.json();",
							"console.log(\"Signup creado:\", res);",
							"pm.test(\"Registro correcto o ya existente\", function () {",
							"    pm.expect(res.message || res.errorMessage).to.match(/Sign up successful|This user already exist/);",
							"});"
						],
						"type": "text/javascript"
					}
				}
			],
			"request": {
				"method": "POST",
				"header": [
					{
						"key": "Content-Type",
						"value": "application/json"
					}
				],
				"body": {
					"mode": "raw",
					"raw": "{\n  \"username\": \"pruebas{{timestamp}}\",\n  \"password\": \"123456789\"\n}"
				},
				"url": "https://api.demoblaze.com/signup"
			},
			"response": []
		},
		{
			"name": "2 - Login exitoso con usuario creado",
			"event": [
				{
					"listen": "test",
					"script": {
						"exec": [
							"const res = pm.response.json();",
							"console.log(\"Login exitoso:\", res);",
							"pm.test(\"Debe contener token\", function () {",
							"    pm.expect(res).to.have.property(\"token\");",
							"});"
						],
						"type": "text/javascript"
					}
				}
			],
			"request": {
				"method": "POST",
				"header": [
					{
						"key": "Content-Type",
						"value": "application/json"
					}
				],
				"body": {
					"mode": "raw",
					"raw": "{\n  \"username\": \"{{createdUser}}\",\n  \"password\": \"123456789\"\n}"
				},
				"url": "https://api.demoblaze.com/login"
			},
			"response": []
		},
		{
			"name": "3 - Login con usuario incorrecto",
			"event": [
				{
					"listen": "test",
					"script": {
						"exec": [
							"const res = pm.response.json();",
							"console.log(\"Login fallido:\", res);",
							"pm.test(\"Debe fallar con mensaje de error\", function () {",
							"    pm.expect(res.errorMessage).to.include(\"User does not exist\");",
							"});"
						],
						"type": "text/javascript"
					}
				}
			],
			"request": {
				"method": "POST",
				"header": [
					{
						"key": "Content-Type",
						"value": "application/json"
					}
				],
				"body": {
					"mode": "raw",
					"raw": "{\n  \"username\": \"usuario_invalido_9999\",\n  \"password\": \"123456789\"\n}"
				},
				"url": "https://api.demoblaze.com/login"
			},
			"response": []
		}
	]
}