{
	"info": {
		"_postman_id": "99933673-bdfc-4d91-82e0-fb6412c2b2a3",
		"name": "Demoblaze - Registro Duplicado",
		"schema": "https://schema.getpostman.com/json/collection/v2.0.0/collection.json",
		"_exporter_id": "23482125"
	},
	"item": [
		{
			"name": "Signup - Crear usuario único",
			"event": [
				{
					"listen": "test",
					"script": {
						"exec": [
							"// Guardar username para próxima solicitud",
							"let req = JSON.parse(request.data);",
							"pm.environment.set(\"savedUsername\", req.username);",
							"",
							"// Verificar que fue exitoso",
							"const res = pm.response.json();",
							"console.log(\"Signup (nuevo):\", res);",
							"pm.test(\"Registro inicial exitoso o ya existe\", function () {",
							"    pm.expect(res.message || res.errorMessage).to.match(\"\");",
							"});"
						],
						"type": "text/javascript",
						"packages": {}
					}
				}
			],
			"request": {
				"method": "POST",
				"header": [
					{
						"key": "Content-Type",
						"value": "application/json"
					}
				],
				"body": {
					"mode": "raw",
					"raw": "{\n  \"username\": \"melanysuarez_{{timestamp}}\",\n  \"password\": \"12345\"\n}"
				},
				"url": "https://api.demoblaze.com/signup"
			},
			"response": []
		},
		{
			"name": "Signup - Intentar duplicar usuario",
			"event": [
				{
					"listen": "test",
					"script": {
						"exec": [
							"const res = pm.response.json();",
							"console.log(\"Signup duplicado:\", res);",
							"pm.test(\"Debe rechazar registro duplicado\", function () {",
							"    pm.expect(res.errorMessage).to.eql(\"This user already exist.\");",
							"});"
						],
						"type": "text/javascript"
					}
				}
			],
			"request": {
				"method": "POST",
				"header": [
					{
						"key": "Content-Type",
						"value": "application/json"
					}
				],
				"body": {
					"mode": "raw",
					"raw": "{\n  \"username\": \"{{savedUsername}}\",\n  \"password\": \"12345\"\n}"
				},
				"url": "https://api.demoblaze.com/signup"
			},
			"response": []
		}
	]
}